{"accuracy": 0.897, "precision": 0.8854368932038835, "recall": 0.912, "f1_score": 0.8985221674876848}